{
    "foreground_intensity_properties_per_channel": {
        "0": {
            "max": 187962.71875,
            "mean": 1344.110107421875,
            "median": 375.0,
            "min": 38.00013732910156,
            "percentile_00_5": 111.99897003173828,
            "percentile_99_5": 84278.2265625,
            "std": 8908.89453125
        }
    },
    "median_relative_size_after_cropping": 0.9840280795903328,
    "shapes_after_crop": [
        [
            189,
            577,
            508
        ],
        [
            248,
            536,
            480
        ],
        [
            179,
            566,
            510
        ],
        [
            200,
            607,
            500
        ],
        [
            196,
            566,
            470
        ],
        [
            139,
            507,
            429
        ],
        [
            200,
            552,
            490
        ],
        [
            181,
            590,
            485
        ],
        [
            194,
            571,
            500
        ],
        [
            194,
            542,
            459
        ],
        [
            153,
            566,
            470
        ],
        [
            174,
            610,
            469
        ],
        [
            186,
            582,
            470
        ],
        [
            174,
            622,
            485
        ],
        [
            189,
            575,
            485
        ],
        [
            200,
            541,
            464
        ],
        [
            189,
            612,
            515
        ],
        [
            176,
            604,
            490
        ],
        [
            191,
            613,
            490
        ],
        [
            176,
            610,
            480
        ],
        [
            174,
            576,
            479
        ],
        [
            199,
            578,
            495
        ],
        [
            194,
            577,
            495
        ],
        [
            149,
            569,
            475
        ],
        [
            190,
            540,
            450
        ],
        [
            174,
            549,
            464
        ],
        [
            181,
            583,
            470
        ],
        [
            174,
            636,
            480
        ],
        [
            191,
            639,
            515
        ],
        [
            184,
            579,
            485
        ],
        [
            208,
            546,
            473
        ],
        [
            171,
            612,
            475
        ],
        [
            174,
            592,
            469
        ],
        [
            171,
            602,
            475
        ],
        [
            200,
            532,
            449
        ],
        [
            200,
            557,
            474
        ],
        [
            189,
            557,
            439
        ],
        [
            176,
            561,
            480
        ],
        [
            186,
            540,
            493
        ],
        [
            194,
            597,
            480
        ],
        [
            199,
            602,
            500
        ],
        [
            171,
            586,
            505
        ],
        [
            189,
            572,
            495
        ],
        [
            194,
            549,
            510
        ],
        [
            194,
            567,
            510
        ],
        [
            179,
            531,
            475
        ],
        [
            187,
            613,
            461
        ],
        [
            194,
            613,
            510
        ],
        [
            181,
            567,
            480
        ],
        [
            198,
            559,
            485
        ],
        [
            176,
            589,
            500
        ],
        [
            191,
            594,
            480
        ],
        [
            179,
            556,
            464
        ],
        [
            200,
            523,
            515
        ],
        [
            140,
            456,
            392
        ],
        [
            189,
            602,
            474
        ],
        [
            189,
            602,
            517
        ],
        [
            184,
            561,
            485
        ],
        [
            179,
            566,
            504
        ],
        [
            138,
            491,
            478
        ],
        [
            194,
            601,
            469
        ],
        [
            199,
            557,
            477
        ],
        [
            191,
            536,
            451
        ],
        [
            184,
            577,
            458
        ],
        [
            186,
            512,
            480
        ],
        [
            174,
            617,
            459
        ],
        [
            186,
            577,
            495
        ],
        [
            160,
            452,
            372
        ],
        [
            181,
            554,
            453
        ],
        [
            243,
            627,
            440
        ],
        [
            200,
            562,
            490
        ],
        [
            189,
            525,
            459
        ],
        [
            194,
            595,
            495
        ],
        [
            179,
            613,
            458
        ],
        [
            194,
            556,
            474
        ],
        [
            200,
            549,
            469
        ],
        [
            175,
            631,
            520
        ],
        [
            193,
            537,
            495
        ],
        [
            187,
            539,
            461
        ],
        [
            181,
            566,
            448
        ],
        [
            232,
            567,
            468
        ],
        [
            175,
            613,
            480
        ],
        [
            199,
            566,
            525
        ],
        [
            186,
            635,
            469
        ],
        [
            176,
            595,
            480
        ],
        [
            184,
            566,
            520
        ],
        [
            181,
            562,
            500
        ],
        [
            181,
            560,
            450
        ],
        [
            181,
            520,
            406
        ],
        [
            219,
            639,
            559
        ]
    ],